<?xml version="1.0" encoding="UTF-8" standalone="no"?><root progressBarVisible="true" progressTimeSet="18000">
  <D2023-03-20 ProgressPercent="12.394" TimeSum="00:37:11">
    <Sess Archived="false" Project="Linux" TimePassed="00:00:00" TimeWhenTimerStarted="2023-03-20T01:06:41.867450"/>
    <Sess Archived="false" Project="Linux" TimePassed="00:01:59" TimeWhenTimerStarted="2023-03-20T01:35:43.804479"/>
    <Sess Archived="false" Project="Java" TimePassed="00:00:00" TimeWhenTimerStarted="2023-03-20T01:38:31.588383"/>
    <Sess Archived="false" Project="Java" TimePassed="00:35:12" TimeWhenTimerStarted="2023-03-20T01:38:45.810394"/>
    <Sess Archived="false" Project="Docker" TimePassed="00:00:00" TimeWhenTimerStarted="2023-03-20T13:11:46.744366"/>
    <Sess Archived="false" Project="Kubernetes" TimePassed="00:00:00" TimeWhenTimerStarted="2023-03-20T13:11:58.613570"/>
  </D2023-03-20>
  <D2023-03-23 ProgressPercent="26.939" TimeSum="01:20:49">
    <Sess Archived="false" Project="Hangman Game" TimePassed="00:00:00" TimeWhenTimerStarted="2023-03-23T15:04:10.301014"/>
    <Sess Archived="false" Project="Hangman Game" TimePassed="01:20:49" TimeWhenTimerStarted="2023-03-23T18:11:42.891738"/>
  </D2023-03-23>
  <D2023-03-24 ProgressPercent="34.285" TimeSum="01:42:54">
    <Sess Archived="false" Project="Hangman Game" TimePassed="00:52:49" TimeWhenTimerStarted="2023-03-24T00:41:18.367947"/>
    <Sess Archived="false" Project="ProjectEuler" TimePassed="00:00:00" TimeWhenTimerStarted="2023-03-24T18:58:57.249385"/>
    <Sess Archived="false" Project="ProjectEuler" TimePassed="00:12:05" TimeWhenTimerStarted="2023-03-24T21:14:45.372347"/>
    <Sess Archived="false" Project="Git" TimePassed="00:00:00" TimeWhenTimerStarted="2023-03-24T21:47:41.656511"/>
    <Sess Archived="false" Project="Git" TimePassed="00:38:00" TimeWhenTimerStarted="2023-03-24T21:47:46.247249"/>
  </D2023-03-24>
  <D2023-03-25 ProgressPercent="104.56700000000001" TimeSum="05:13:42">
    <Sess Archived="false" Project="Linux" TimePassed="00:00:02" TimeWhenTimerStarted="2023-03-25T15:10:13.724423"/>
    <Sess Archived="false" Project="Java" TimePassed="01:19:13" TimeWhenTimerStarted="2023-03-25T15:10:38.471897"/>
    <Sess Archived="false" Project="Java" TimePassed="02:09:03" TimeWhenTimerStarted="2023-03-25T18:08:31.020452"/>
    <Sess Archived="false" Project="Linux" TimePassed="00:00:03" TimeWhenTimerStarted="2023-03-25T21:14:00.743933"/>
    <Sess Archived="false" Project="Java" TimePassed="01:45:21" TimeWhenTimerStarted="2023-03-25T21:14:13.734256"/>
  </D2023-03-25>
  <D2023-03-26 ProgressPercent="77.613" TimeSum="03:52:50">
    <Sess Archived="false" Project="Java" TimePassed="02:07:08" TimeWhenTimerStarted="2023-03-26T13:32:11.372652"/>
    <Sess Archived="false" Project="Java" TimePassed="00:55:35" TimeWhenTimerStarted="2023-03-26T19:51:16.545934"/>
    <Sess Archived="false" Project="Linux" TimePassed="00:37:36" TimeWhenTimerStarted="2023-03-26T22:12:08.604178"/>
    <Sess Archived="false" Project="HTML" TimePassed="00:00:00" TimeWhenTimerStarted="2023-03-26T23:04:41.085108"/>
    <Sess Archived="false" Project="HTML" TimePassed="00:12:31" TimeWhenTimerStarted="2023-03-26T23:04:46.402938"/>
  </D2023-03-26>
  <D2023-03-27 ProgressPercent="90.399" TimeSum="04:31:11">
    <Sess Archived="false" Project="HTML" TimePassed="02:27:01" TimeWhenTimerStarted="2023-03-27T00:36:39.391406"/>
    <Sess Archived="false" Project="Java" TimePassed="00:06:32" TimeWhenTimerStarted="2023-03-27T13:01:54.149653"/>
    <Sess Archived="false" Project="HTML" TimePassed="01:57:38" TimeWhenTimerStarted="2023-03-27T13:17:41.198209"/>
  </D2023-03-27>
  <D2023-03-28 ProgressPercent="55.823" TimeSum="02:47:28">
    <Sess Archived="false" Project="HTML" TimePassed="01:22:55" TimeWhenTimerStarted="2023-03-28T13:45:52.426310"/>
    <Sess Archived="false" Project="HTML" TimePassed="01:24:33" TimeWhenTimerStarted="2023-03-28T16:05:32.226597"/>
  </D2023-03-28>
  <D2023-03-29 ProgressPercent="69.255" TimeSum="03:27:46">
    <Sess Archived="false" Project="HTML" TimePassed="00:11:53" TimeWhenTimerStarted="2023-03-29T16:09:55.323191"/>
    <Sess Archived="false" Project="HTML,JS,CSS" TimePassed="00:00:00" TimeWhenTimerStarted="2023-03-29T16:22:03.487897"/>
    <Sess Archived="false" Project="HTML,JS,CSS" TimePassed="01:47:34" TimeWhenTimerStarted="2023-03-29T16:22:08.553384"/>
    <Sess Archived="false" Project="HTML,JS,CSS" TimePassed="01:28:19" TimeWhenTimerStarted="2023-03-29T19:02:45.549196"/>
  </D2023-03-29>
  <D2023-03-30 ProgressPercent="34.07" TimeSum="01:42:13">
    <Sess Archived="false" Project="Java" TimePassed="01:42:13" TimeWhenTimerStarted="2023-03-30T09:53:17.257372"/>
  </D2023-03-30>
  <D2023-03-31 ProgressPercent="5.949" TimeSum="00:17:51">
    <Sess Archived="false" Project="Java" TimePassed="00:00:02" TimeWhenTimerStarted="2023-03-31T12:05:25.267955"/>
    <Sess Archived="false" Project="Java" TimePassed="00:17:49" TimeWhenTimerStarted="2023-03-31T18:21:53.240745"/>
  </D2023-03-31>
  <D2023-03-31 ProgressPercent="77.8" TimeSum="03:53:24">
    <Sess Archived="false" Project="HTML,JS,CSS" TimePassed="03:53:24" TimeWhenTimerStarted="2023-03-31T20:12:42.658726"/>
  </D2023-03-31>
  <D2023-04-01 ProgressPercent="60.192" TimeSum="03:00:34">
    <Sess Archived="false" Project="Java" TimePassed="00:59:09" TimeWhenTimerStarted="2023-04-01T00:34:32.316538"/>
    <Sess Archived="false" Project="Java" TimePassed="02:01:18" TimeWhenTimerStarted="2023-04-01T11:03:25.425374"/>
    <Sess Archived="false" Project="Java" TimePassed="00:00:07" TimeWhenTimerStarted="2023-04-01T20:40:37.087367"/>
  </D2023-04-01>
  <D2023-04-01 ProgressPercent="50.51" TimeSum="02:31:32">
    <Sess Archived="false" Project="HTML,JS,CSS" TimePassed="02:31:32" TimeWhenTimerStarted="2023-04-01T21:13:31.872574"/>
  </D2023-04-01>
  <D2023-04-02 ProgressPercent="36.32" TimeSum="01:48:57">
    <Sess Archived="false" Project="HTML,JS,CSS" TimePassed="01:48:57" TimeWhenTimerStarted="2023-04-02T17:06:26.373713"/>
  </D2023-04-02>
  <D2023-04-02 ProgressPercent="16.78" TimeSum="00:50:21">
    <Sess Archived="false" Project="HTML,JS,CSS" TimePassed="00:50:21" TimeWhenTimerStarted="2023-04-02T23:15:12.684522"/>
  </D2023-04-02>
  <D2023-04-03 ProgressPercent="130.442" TimeSum="06:31:19">
    <Sess Archived="false" Project="HTML,JS,CSS" TimePassed="01:14:36" TimeWhenTimerStarted="2023-04-03T00:31:37.569418"/>
    <Sess Archived="false" Project="Java" TimePassed="02:51:32" TimeWhenTimerStarted="2023-04-03T10:03:39.463440"/>
    <Sess Archived="false" Project="Java" TimePassed="02:14:55" TimeWhenTimerStarted="2023-04-03T15:32:21.862200"/>
    <Sess Archived="false" Project="Library App" TimePassed="00:00:00" TimeWhenTimerStarted="2023-04-03T23:14:46.858433"/>
    <Sess Archived="false" Project="Library App" TimePassed="00:10:16" TimeWhenTimerStarted="2023-04-03T23:14:51.993994"/>
  </D2023-04-03>
  <D2023-04-04 ProgressPercent="68.351" TimeSum="03:25:04">
    <Sess Archived="false" Project="Library App" TimePassed="00:57:17" TimeWhenTimerStarted="2023-04-04T00:45:07.752329"/>
    <Sess Archived="false" Project="Library App" TimePassed="02:27:47" TimeWhenTimerStarted="2023-04-04T12:21:58.816654"/>
  </D2023-04-04>
  <D2023-04-04 ProgressPercent="10.24" TimeSum="00:30:44">
    <Sess Archived="false" Project="Library App" TimePassed="00:30:44" TimeWhenTimerStarted="2023-04-04T15:29:17.791836"/>
  </D2023-04-04>
  <D2023-04-05 ProgressPercent="83.57" TimeSum="04:10:43">
    <Sess Archived="false" Project="Library App" TimePassed="01:43:52" TimeWhenTimerStarted="2023-04-05T07:22:11.438122"/>
    <Sess Archived="false" Project="Library App" TimePassed="00:57:51" TimeWhenTimerStarted="2023-04-05T10:57:58.747850"/>
    <Sess Archived="false" Project="Library App" TimePassed="01:29:00" TimeWhenTimerStarted="2023-04-05T12:27:19.702688"/>
  </D2023-04-05>
  <D2023-04-05 ProgressPercent="51.54" TimeSum="02:34:38">
    <Sess Archived="false" Project="Library App" TimePassed="02:34:38" TimeWhenTimerStarted="2023-04-05T21:25:17.432221"/>
  </D2023-04-05>
  <D2023-04-06 ProgressPercent="9.29" TimeSum="00:27:53">
    <Sess Archived="false" Project="Library App" TimePassed="00:27:53" TimeWhenTimerStarted="2023-04-06T12:36:43.772145"/>
  </D2023-04-06>
  <D2023-04-07 ProgressPercent="63.69" TimeSum="03:11:04">
    <Sess Archived="false" Project="Library App" TimePassed="03:11:04" TimeWhenTimerStarted="2023-04-07T20:27:31.979999"/>
  </D2023-04-07>
  <D2023-04-07 ProgressPercent="77.18" TimeSum="00:57:33">
    <Sess Archived="false" Project="Library App" TimePassed="00:57:33" TimeWhenTimerStarted="2023-04-07T23:58:15.349773"/>
    <Sess Archived="false" Project="Library App" TimePassed="02:43:24" TimeWhenTimerStarted="2023-04-07T20:18:14.179283"/>
  </D2023-04-07>
  <D2023-04-08 ProgressPercent="8.437999999999999" TimeSum="00:25:18">
    <Sess Archived="false" Project="Library App" TimePassed="00:00:01" TimeWhenTimerStarted="2023-04-08T00:55:59.020988"/>
    <Sess Archived="false" Project="Library App" TimePassed="00:00:03" TimeWhenTimerStarted="2023-04-08T00:56:19.526325"/>
  <Sess Archived="false" Project="Java" TimePassed="00:25:01" TimeWhenTimerStarted="2023-04-08T11:26:11.153539"/><Sess Archived="false" Project="Library App" TimePassed="00:00:13" TimeWhenTimerStarted="2023-04-08T22:09:55.804066"/></D2023-04-08>
<D2023-04-08 ProgressPercent="25.87" TimeSum="00:52:19"><Sess Archived="false" Project="Java" TimePassed="00:52:19" TimeWhenTimerStarted="2023-04-08T22:10:22.782918"/></D2023-04-08><D2023-04-09 ProgressPercent="65.54599999999999" TimeSum="03:16:39"><Sess Archived="false" Project="Library App" TimePassed="00:44:23" TimeWhenTimerStarted="2023-04-09T09:56:52.383903"/><Sess Archived="false" Project="Library App" TimePassed="02:32:16" TimeWhenTimerStarted="2023-04-09T17:35:12.558643"/></D2023-04-09><D2023-04-09 ProgressPercent="43.76" TimeSum="02:11:16"><Sess Archived="false" Project="Library App" TimePassed="02:11:16" TimeWhenTimerStarted="2023-04-09T22:27:21.399785"/></D2023-04-09><D2023-04-11 ProgressPercent="91.757" TimeSum="04:35:17"><Sess Archived="false" Project="Library App" TimePassed="02:09:08" TimeWhenTimerStarted="2023-04-11T11:49:36.860399"/><Sess Archived="false" Project="Library App" TimePassed="00:16:26" TimeWhenTimerStarted="2023-04-11T17:30:35.439810"/><Sess Archived="false" Project="Library App" TimePassed="02:09:43" TimeWhenTimerStarted="2023-04-11T19:25:03.447844"/></D2023-04-11><D2023-04-12 ProgressPercent="103.104" TimeSum="05:09:18"><Sess Archived="false" Project="Library App" TimePassed="01:36:12" TimeWhenTimerStarted="2023-04-12T11:55:00.364496"/><Sess Archived="false" Project="Library App" TimePassed="01:41:00" TimeWhenTimerStarted="2023-04-12T15:04:56.009631"/><Sess Archived="false" Project="Library App" TimePassed="01:28:01" TimeWhenTimerStarted="2023-04-12T19:43:46.597832"/><Sess Archived="false" Project="Library App" TimePassed="00:24:05" TimeWhenTimerStarted="2023-04-12T21:54:28.540468"/></D2023-04-12><D2023-04-13 ProgressPercent="37.545" TimeSum="01:52:38"><Sess Archived="false" Project="Library App" TimePassed="00:38:42" TimeWhenTimerStarted="2023-04-13T00:13:06.265219"/><Sess Archived="false" Project="Java" TimePassed="00:29:02" TimeWhenTimerStarted="2023-04-13T14:07:42.477199"/><Sess Archived="false" Project="Java" TimePassed="00:44:54" TimeWhenTimerStarted="2023-04-13T20:07:18.874920"/></D2023-04-13><D2023-04-14 ProgressPercent="105.088" TimeSum="05:15:16"><Sess Archived="false" Project="Library App" TimePassed="01:52:14" TimeWhenTimerStarted="2023-04-14T11:54:24.226368"/><Sess Archived="false" Project="Library App" TimePassed="00:54:56" TimeWhenTimerStarted="2023-04-14T15:47:24.741158"/><Sess Archived="false" Project="Library App" TimePassed="01:58:12" TimeWhenTimerStarted="2023-04-14T17:03:57.634784"/><Sess Archived="false" Project="Docker" TimePassed="00:29:54" TimeWhenTimerStarted="2023-04-14T19:22:04.422706"/></D2023-04-14><D2023-04-16 ProgressPercent="112.38499999999999" TimeSum="05:37:10"><Sess Archived="false" Project="Docker" TimePassed="00:00:04" TimeWhenTimerStarted="2023-04-16T11:54:41.967885"/><Sess Archived="false" Project="Library App" TimePassed="01:19:02" TimeWhenTimerStarted="2023-04-16T12:35:38.046262"/><Sess Archived="false" Project="Library App" TimePassed="01:13:45" TimeWhenTimerStarted="2023-04-16T14:03:46.906777"/><Sess Archived="false" Project="Library App" TimePassed="01:53:23" TimeWhenTimerStarted="2023-04-16T19:16:29.104477"/><Sess Archived="false" Project="Library App" TimePassed="01:10:56" TimeWhenTimerStarted="2023-04-16T21:28:46.034837"/></D2023-04-16><D2023-04-17 ProgressPercent="108.36500000000001" TimeSum="05:25:06"><Sess Archived="false" Project="Library App" TimePassed="00:14:26" TimeWhenTimerStarted="2023-04-17T11:46:03.912722"/><Sess Archived="false" Project="Library App" TimePassed="01:17:21" TimeWhenTimerStarted="2023-04-17T15:52:27.419330"/><Sess Archived="false" Project="Library App" TimePassed="01:36:37" TimeWhenTimerStarted="2023-04-17T17:13:28.469057"/><Sess Archived="false" Project="Library App" TimePassed="00:00:35" TimeWhenTimerStarted="2023-04-17T20:15:22.938405"/><Sess Archived="false" Project="Java" TimePassed="01:20:03" TimeWhenTimerStarted="2023-04-17T20:16:10.470714"/><Sess Archived="false" Project="Library App" TimePassed="00:56:04" TimeWhenTimerStarted="2023-04-17T22:29:51.305154"/></D2023-04-17><D2023-04-18 ProgressPercent="84.373" TimeSum="04:13:07"><Sess Archived="false" Project="Library App" TimePassed="00:23:40" TimeWhenTimerStarted="2023-04-18T15:24:36.454267"/><Sess Archived="false" Project="Library App" TimePassed="00:28:32" TimeWhenTimerStarted="2023-04-18T17:18:12.705821"/><Sess Archived="false" Project="Library App" TimePassed="01:48:11" TimeWhenTimerStarted="2023-04-18T19:34:48.530827"/><Sess Archived="false" Project="Library App" TimePassed="01:32:44" TimeWhenTimerStarted="2023-04-18T22:14:18.197234"/></D2023-04-18><D2023-04-19 ProgressPercent="112.358" TimeSum="05:37:05"><Sess Archived="false" Project="Library App" TimePassed="00:24:06" TimeWhenTimerStarted="2023-04-19T00:42:58.837568"/><Sess Archived="false" Project="Library App" TimePassed="01:21:06" TimeWhenTimerStarted="2023-04-19T11:16:23.371680"/><Sess Archived="false" Project="Library App" TimePassed="00:59:31" TimeWhenTimerStarted="2023-04-19T15:19:07.018931"/><Sess Archived="false" Project="Library App" TimePassed="01:54:19" TimeWhenTimerStarted="2023-04-19T20:06:11.620492"/><Sess Archived="false" Project="Library App" TimePassed="00:58:03" TimeWhenTimerStarted="2023-04-19T22:48:17.850728"/></D2023-04-19><D2023-04-20 ProgressPercent="8.82" TimeSum="00:26:28"><Sess Archived="false" Project="Library App" TimePassed="00:26:28" TimeWhenTimerStarted="2023-04-20T18:07:21.537373"/></D2023-04-20><D2023-04-20 ProgressPercent="30.22" TimeSum="01:30:40"><Sess Archived="false" Project="Library App" TimePassed="01:30:40" TimeWhenTimerStarted="2023-04-20T23:02:59.876113"/></D2023-04-20><D2023-04-21 ProgressPercent="76.923" TimeSum="03:50:46"><Sess Archived="false" Project="Library App" TimePassed="01:07:46" TimeWhenTimerStarted="2023-04-21T12:20:23.882513"/><Sess Archived="false" Project="Library App" TimePassed="01:06:27" TimeWhenTimerStarted="2023-04-21T14:02:32.550539"/><Sess Archived="false" Project="Library App" TimePassed="01:36:33" TimeWhenTimerStarted="2023-04-21T19:08:49.551677"/></D2023-04-21><D2023-04-22 ProgressPercent="144.83700000000002" TimeSum="07:14:31"><Sess Archived="false" Project="Library App" TimePassed="00:24:13" TimeWhenTimerStarted="2023-04-22T00:08:36.350245"/><Sess Archived="false" Project="Library App" TimePassed="01:58:58" TimeWhenTimerStarted="2023-04-22T09:56:08.893840"/><Sess Archived="false" Project="Library App" TimePassed="02:41:12" TimeWhenTimerStarted="2023-04-22T12:19:55.890903"/><Sess Archived="false" Project="Library App" TimePassed="00:02:36" TimeWhenTimerStarted="2023-04-22T17:24:12.940518"/><Sess Archived="false" Project="Java" TimePassed="02:07:32" TimeWhenTimerStarted="2023-04-22T17:26:57.500581"/></D2023-04-22><D2023-04-23 ProgressPercent="108.184" TimeSum="05:24:33"><Sess Archived="false" Project="Library App" TimePassed="00:58:01" TimeWhenTimerStarted="2023-04-23T00:10:51.839274"/><Sess Archived="false" Project="Library App" TimePassed="00:09:43" TimeWhenTimerStarted="2023-04-23T12:11:20.944872"/><Sess Archived="false" Project="HTML,JS,CSS" TimePassed="01:36:38" TimeWhenTimerStarted="2023-04-23T12:21:12.382556"/><Sess Archived="false" Project="HTML,JS,CSS" TimePassed="01:20:28" TimeWhenTimerStarted="2023-04-23T19:45:12.798205"/><Sess Archived="false" Project="HTML,JS,CSS" TimePassed="01:19:43" TimeWhenTimerStarted="2023-04-23T21:07:54.832573"/></D2023-04-23><D2023-04-24 ProgressPercent="38.511" TimeSum="01:55:32"><Sess Archived="false" Project="HTML,JS,CSS" TimePassed="01:28:30" TimeWhenTimerStarted="2023-04-24T11:50:57.188335"/><Sess Archived="false" Project="HTML,JS,CSS" TimePassed="00:27:00" TimeWhenTimerStarted="2023-04-24T16:49:24.069886"/><Sess Archived="false" Project="HTML,JS,CSS" TimePassed="00:00:02" TimeWhenTimerStarted="2023-04-24T23:14:13.929989"/></D2023-04-24><D2023-04-24 ProgressPercent="41.34" TimeSum="02:04:01"><Sess Archived="false" Project="Library App" TimePassed="02:04:01" TimeWhenTimerStarted="2023-04-24T23:14:24.036399"/></D2023-04-24><D2023-04-25 ProgressPercent="74.253" TimeSum="03:42:46"><Sess Archived="false" Project="Library App" TimePassed="01:42:49" TimeWhenTimerStarted="2023-04-25T12:31:58.423352"/><Sess Archived="false" Project="Library App" TimePassed="00:35:57" TimeWhenTimerStarted="2023-04-25T14:33:55.407751"/><Sess Archived="false" Project="Library App" TimePassed="01:24:00" TimeWhenTimerStarted="2023-04-25T15:29:47.507425"/></D2023-04-25><D2023-04-25 ProgressPercent="31.09" TimeSum="01:33:16"><Sess Archived="false" Project="Library App" TimePassed="01:33:16" TimeWhenTimerStarted="2023-04-25T23:03:03.464012"/></D2023-04-25><D2023-04-26 ProgressPercent="94.70500000000001" TimeSum="04:44:06"><Sess Archived="false" Project="Library App" TimePassed="01:11:07" TimeWhenTimerStarted="2023-04-26T11:36:31.675597"/><Sess Archived="false" Project="Library App" TimePassed="01:09:19" TimeWhenTimerStarted="2023-04-26T15:45:34.300319"/><Sess Archived="false" Project="Library App" TimePassed="02:23:40" TimeWhenTimerStarted="2023-04-26T18:55:39.201396"/></D2023-04-26><D2023-04-29 ProgressPercent="83.226" TimeSum="04:09:40"><Sess Archived="false" Project="Library App" TimePassed="02:05:36" TimeWhenTimerStarted="2023-04-29T16:09:53.562864"/><Sess Archived="false" Project="Library App" TimePassed="02:04:04" TimeWhenTimerStarted="2023-04-29T19:33:13.499577"/></D2023-04-29><D2023-04-29 ProgressPercent="86.69" TimeSum="00:10:24"><Sess Archived="false" Project="Library App" TimePassed="00:10:24" TimeWhenTimerStarted="2023-04-29T23:04:59.851983"/></D2023-04-29><D2023-04-30 ProgressPercent="23.36" TimeSum="01:10:04"><Sess Archived="false" Project="Library App" TimePassed="01:10:04" TimeWhenTimerStarted="2023-04-30T10:44:27.774518"/></D2023-04-30><D2023-04-30 ProgressPercent="68.24" TimeSum="03:24:43"><Sess Archived="false" Project="Library App" TimePassed="03:24:43" TimeWhenTimerStarted="2023-04-30T21:28:53.480012"/></D2023-04-30><D2023-05-01 ProgressPercent="97.39200000000001" TimeSum="04:52:10"><Sess Archived="false" Project="Library App" TimePassed="02:03:30" TimeWhenTimerStarted="2023-05-01T10:36:39.865090"/><Sess Archived="false" Project="Library App" TimePassed="01:42:17" TimeWhenTimerStarted="2023-05-01T14:22:02.724547"/><Sess Archived="false" Project="Library App" TimePassed="01:06:23" TimeWhenTimerStarted="2023-05-01T20:43:10.570663"/></D2023-05-01><D2023-05-01 ProgressPercent="16.57" TimeSum="00:49:43"><Sess Archived="false" Project="Library App" TimePassed="00:49:43" TimeWhenTimerStarted="2023-05-01T23:38:37.852170"/></D2023-05-01><D2023-05-02 ProgressPercent="92.922" TimeSum="04:38:46"><Sess Archived="false" Project="Library App" TimePassed="01:56:15" TimeWhenTimerStarted="2023-05-02T13:01:22.301875"/><Sess Archived="false" Project="Library App" TimePassed="02:42:31" TimeWhenTimerStarted="2023-05-02T18:54:50.459339"/></D2023-05-02><D2023-05-02 ProgressPercent="26.67" TimeSum="01:20:01"><Sess Archived="false" Project="Library App" TimePassed="01:20:01" TimeWhenTimerStarted="2023-05-02T22:53:41.878838"/></D2023-05-02><D2023-05-03 ProgressPercent="66.445" TimeSum="03:19:20"><Sess Archived="false" Project="Java" TimePassed="00:14:13" TimeWhenTimerStarted="2023-05-03T15:45:15.380061"/><Sess Archived="false" Project="Java" TimePassed="00:39:47" TimeWhenTimerStarted="2023-05-03T18:06:12.383661"/><Sess Archived="false" Project="Java" TimePassed="00:58:09" TimeWhenTimerStarted="2023-05-03T19:09:08.749780"/><Sess Archived="false" Project="Java" TimePassed="00:41:19" TimeWhenTimerStarted="2023-05-03T21:58:29.386028"/><Sess Archived="false" Project="Unit, JUnit " TimePassed="00:00:00" TimeWhenTimerStarted="2023-05-03T22:40:04.560670"/><Sess Archived="false" Project="Unit, JUnit " TimePassed="00:45:52" TimeWhenTimerStarted="2023-05-03T23:01:48.753949"/></D2023-05-03><D2023-05-04 ProgressPercent="47.484" TimeSum="02:22:27"><Sess Archived="false" Project="Unit, JUnit " TimePassed="00:19:55" TimeWhenTimerStarted="2023-05-04T00:10:18.782018"/><Sess Archived="false" Project="Unit, JUnit " TimePassed="02:02:32" TimeWhenTimerStarted="2023-05-04T11:31:28.982287"/></D2023-05-04><D2023-05-05 ProgressPercent="26.49" TimeSum="01:19:29"><Sess Archived="false" Project="Unit, JUnit " TimePassed="01:19:29" TimeWhenTimerStarted="2023-05-05T22:11:01.810496"/></D2023-05-05><D2023-05-08 ProgressPercent="27.48" TimeSum="01:22:26"><Sess Archived="false" Project="Unit, JUnit " TimePassed="01:22:26" TimeWhenTimerStarted="2023-05-08T21:07:29.842963"/></D2023-05-08><D2023-05-09 ProgressPercent="102.47" TimeSum="05:07:24"><Sess Archived="false" Project="Unit, JUnit " TimePassed="01:02:27" TimeWhenTimerStarted="2023-05-09T13:45:26.801524"/><Sess Archived="false" Project="Library App" TimePassed="01:36:03" TimeWhenTimerStarted="2023-05-09T15:13:39.693405"/><Sess Archived="false" Project="Library App" TimePassed="02:28:54" TimeWhenTimerStarted="2023-05-09T19:25:09.718253"/></D2023-05-09><D2023-05-09 ProgressPercent="12.86" TimeSum="00:38:35"><Sess Archived="false" Project="Java" TimePassed="00:38:35" TimeWhenTimerStarted="2023-05-09T23:49:19.572819"/></D2023-05-09><D2023-05-10 ProgressPercent="66.018" TimeSum="03:18:03"><Sess Archived="false" Project="Java" TimePassed="00:45:43" TimeWhenTimerStarted="2023-05-10T09:59:09.001601"/><Sess Archived="false" Project="Unit, JUnit " TimePassed="02:05:20" TimeWhenTimerStarted="2023-05-10T10:45:55.636932"/><Sess Archived="false" Project="Unit, JUnit " TimePassed="00:27:00" TimeWhenTimerStarted="2023-05-10T18:17:10.026890"/></D2023-05-10><D2023-05-10 ProgressPercent="78.58" TimeSum="00:37:42"><Sess Archived="false" Project="Java" TimePassed="00:37:42" TimeWhenTimerStarted="2023-05-10T20:54:30.994772"/></D2023-05-10><D2023-05-11 ProgressPercent="145.227" TimeSum="07:15:41"><Sess Archived="false" Project="Java" TimePassed="00:00:38" TimeWhenTimerStarted="2023-05-11T12:25:40.234918"/><Sess Archived="false" Project="Library App" TimePassed="00:35:15" TimeWhenTimerStarted="2023-05-11T12:27:37.385248"/><Sess Archived="false" Project="Java" TimePassed="01:52:10" TimeWhenTimerStarted="2023-05-11T13:03:10.957129"/><Sess Archived="false" Project="Library App" TimePassed="00:25:13" TimeWhenTimerStarted="2023-05-11T17:13:43.114965"/><Sess Archived="false" Project="Library App" TimePassed="02:46:23" TimeWhenTimerStarted="2023-05-11T17:54:33.302999"/><Sess Archived="false" Project="Library App" TimePassed="00:01:54" TimeWhenTimerStarted="2023-05-11T21:47:02.325279"/><Sess Archived="false" Project="Library App" TimePassed="01:01:24" TimeWhenTimerStarted="2023-05-11T21:51:10.368682"/><Sess Archived="false" Project="HTML,JS,CSS" TimePassed="00:32:44" TimeWhenTimerStarted="2023-05-11T23:21:33.215093"/></D2023-05-11><D2023-05-12 ProgressPercent="70.815" TimeSum="03:32:26"><Sess Archived="false" Project="HTML,JS,CSS" TimePassed="00:52:24" TimeWhenTimerStarted="2023-05-12T11:46:03.431818"/><Sess Archived="false" Project="HTML,JS,CSS" TimePassed="00:51:05" TimeWhenTimerStarted="2023-05-12T14:58:40.855928"/><Sess Archived="false" Project="Java" TimePassed="00:39:20" TimeWhenTimerStarted="2023-05-12T16:33:13.738397"/><Sess Archived="false" Project="Docker" TimePassed="01:09:37" TimeWhenTimerStarted="2023-05-12T19:53:44.886969"/></D2023-05-12><D2023-05-12 ProgressPercent="109.32" TimeSum="01:55:31"><Sess Archived="false" Project="Docker" TimePassed="01:55:31" TimeWhenTimerStarted="2023-05-12T21:54:52.179998"/></D2023-05-12><D2023-05-13 ProgressPercent="60.486999999999995" TimeSum="03:01:27"><Sess Archived="false" Project="Docker" TimePassed="02:27:21" TimeWhenTimerStarted="2023-05-13T10:35:26.771392"/><Sess Archived="false" Project="Docker" TimePassed="00:34:06" TimeWhenTimerStarted="2023-05-13T14:18:30.981179"/></D2023-05-13><D2023-05-13 ProgressPercent="34.61" TimeSum="01:43:50"><Sess Archived="false" Project="Docker" TimePassed="01:43:50" TimeWhenTimerStarted="2023-05-13T22:47:15.375020"/></D2023-05-13><D2023-05-14 ProgressPercent="124.807" TimeSum="06:14:26"><Sess Archived="false" Project="Docker" TimePassed="01:22:09" TimeWhenTimerStarted="2023-05-14T11:40:24.199514"/><Sess Archived="false" Project="Docker" TimePassed="01:51:47" TimeWhenTimerStarted="2023-05-14T13:22:37.897069"/><Sess Archived="false" Project="Docker" TimePassed="01:25:54" TimeWhenTimerStarted="2023-05-14T16:13:24.271345"/><Sess Archived="false" Project="Docker" TimePassed="01:34:36" TimeWhenTimerStarted="2023-05-14T20:12:10.204515"/></D2023-05-14><D2023-05-15 ProgressPercent="118.619" TimeSum="05:55:52"><Sess Archived="false" Project="Docker" TimePassed="02:41:55" TimeWhenTimerStarted="2023-05-15T10:25:40.428995"/><Sess Archived="false" Project="Library App" TimePassed="00:33:35" TimeWhenTimerStarted="2023-05-15T14:42:16.434716"/><Sess Archived="false" Project="Library App" TimePassed="01:07:16" TimeWhenTimerStarted="2023-05-15T16:44:00.659385"/><Sess Archived="false" Project="Library App" TimePassed="01:33:06" TimeWhenTimerStarted="2023-05-15T18:19:40.112024"/></D2023-05-15><D2023-05-16 ProgressPercent="92.061" TimeSum="04:36:11"><Sess Archived="false" Project="Apache Tomcat" TimePassed="00:00:00" TimeWhenTimerStarted="2023-05-16T11:18:06.044188"/><Sess Archived="false" Project="Apache Tomcat" TimePassed="00:26:56" TimeWhenTimerStarted="2023-05-16T11:18:19.253316"/><Sess Archived="false" Project="Apache Tomcat" TimePassed="02:05:12" TimeWhenTimerStarted="2023-05-16T11:57:00.836927"/><Sess Archived="false" Project="Apache Tomcat" TimePassed="02:04:03" TimeWhenTimerStarted="2023-05-16T15:17:33.522977"/></D2023-05-16><D2023-05-17 ProgressPercent="172.636" TimeSum="08:37:54"><Sess Archived="false" Project="Library App" TimePassed="00:57:30" TimeWhenTimerStarted="2023-05-17T10:50:23.085747"/><Sess Archived="false" Project="Library App" TimePassed="00:18:20" TimeWhenTimerStarted="2023-05-17T15:06:46.919121474"/><Sess Archived="false" Project="Git" TimePassed="00:00:09" TimeWhenTimerStarted="2023-05-17T16:30:40.249303513"/><Sess Archived="false" Project="Git" TimePassed="00:00:22" TimeWhenTimerStarted="2023-05-17T18:39:18.838317320"/><Sess Archived="false" Project="Git" TimePassed="01:37:23" TimeWhenTimerStarted="2023-05-17T18:41:15.167604588"/><Sess Archived="false" Project="Git" TimePassed="03:47:37" TimeWhenTimerStarted="2023-05-17T16:31:03.265436554"/><Sess Archived="false" Project="Kubernetes" TimePassed="01:56:33" TimeWhenTimerStarted="2023-05-17T20:19:05.136158651"/></D2023-05-17><D2023-05-17 ProgressPercent="28.29" TimeSum="01:24:53"><Sess Archived="false" Project="Java" TimePassed="01:24:53" TimeWhenTimerStarted="2023-05-17T23:26:58.471038268"/></D2023-05-17><D2023-05-18 ProgressPercent="29.99" TimeSum="01:29:58"><Sess Archived="false" Project="Docker" TimePassed="01:29:58" TimeWhenTimerStarted="2023-05-18T15:58:14.639382010"/></D2023-05-18></root>